INSERT INTO COURSE(ID, NAME, CREATE_DATE, LAST_UPDATE_DATE) VALUES (1000, 'Training Dogs', SYSDATE(), SYSDATE());
INSERT INTO COURSE(ID, NAME, CREATE_DATE, LAST_UPDATE_DATE) VALUES (1001, 'Training Cats', SYSDATE(), SYSDATE());
INSERT INTO COURSE(ID, NAME, CREATE_DATE, LAST_UPDATE_DATE) VALUES (1002, 'Training Rabbits', SYSDATE(), SYSDATE());
INSERT INTO COURSE(ID, NAME, CREATE_DATE, LAST_UPDATE_DATE) VALUES (1003, 'Training All pets', SYSDATE(), SYSDATE());

INSERT INTO PASSPORT(ID, PASSPORT_NUMBER) VALUES (3000, 'BAT123456');
INSERT INTO PASSPORT(ID, PASSPORT_NUMBER) VALUES (3001, 'SUP123456');
INSERT INTO PASSPORT(ID, PASSPORT_NUMBER) VALUES (3002, 'DEA123456');
INSERT INTO PASSPORT(ID, PASSPORT_NUMBER) VALUES (3003, 'SPID12345');

INSERT INTO STUDENT(ID, NAME, PASSPORT_ID) VALUES (2000, 'Batman', 3000);
INSERT INTO STUDENT(ID, NAME, PASSPORT_ID) VALUES (2001, 'Superman', 3001);
INSERT INTO STUDENT(ID, NAME, PASSPORT_ID) VALUES (2002, 'Deadpool', 3002);
INSERT INTO STUDENT(ID, NAME, PASSPORT_ID) VALUES (2003, 'Spiderman', 3003);

INSERT INTO COURSE_STUDENT_LINK(STUDENT_ID, COURSE_ID) VALUES (2000, 1000);
INSERT INTO COURSE_STUDENT_LINK(STUDENT_ID, COURSE_ID) VALUES (2001, 1000);
INSERT INTO COURSE_STUDENT_LINK(STUDENT_ID, COURSE_ID) VALUES (2000, 1001);
INSERT INTO COURSE_STUDENT_LINK(STUDENT_ID, COURSE_ID) VALUES (2003, 1003);

INSERT INTO REVIEW(ID, RATING, DESCRIPTION, COURSE_ID) VALUES (4000, 5, 'Best Course', 1000);
INSERT INTO REVIEW(ID, RATING, DESCRIPTION, COURSE_ID) VALUES (4001, 4, 'Good One', 1000);
INSERT INTO REVIEW(ID, RATING, DESCRIPTION, COURSE_ID) VALUES (4002, 3, 'Okay Okay..', 1000);
INSERT INTO REVIEW(ID, RATING, DESCRIPTION, COURSE_ID) VALUES (4003, 3, 'Could be better', 1003);